"","Date","Category","Credit","Debit"
"1","06/09/2023","Health & Lifestyle/",NA,-8.8
"2","06/09/2023","Transportation/",NA,-40.17
"3","06/08/2023","Health & Lifestyle/",NA,-9.33
"4","06/08/2023","Entertainment/",NA,-6.32
"5","06/07/2023","Shopping/",NA,-148.95
"6","06/07/2023","Health & Lifestyle/",NA,-8.49
"7","06/07/2023","Paycheck, Pensions & Annuity/",810.43,NA
"8","06/06/2023","Payments & Transfers/",NA,-40
"9","06/06/2023","Shopping/",NA,-33.76
"10","06/05/2023","Payments & Transfers/",NA,-50
"11","06/05/2023","Shopping/",NA,-15.81
"12","06/05/2023","Health & Lifestyle/",NA,-8.84
"13","06/05/2023","Groceries/",136.1,NA
"14","06/02/2023","Groceries/",NA,-9.17
"15","06/02/2023","Health & Lifestyle/",NA,-9.7
"16","06/02/2023","Internal Transfers/",25,NA
"17","06/01/2023","Groceries/",NA,-156.12
"18","06/01/2023","Transportation/",NA,-2
"19","05/31/2023","Health & Lifestyle/",NA,-11.64
"20","05/31/2023","Transportation/",NA,-3.29
"21","05/31/2023","Transportation/",NA,-30.49
"22","05/31/2023","Groceries/",NA,-23.23
"23","05/30/2023","Entertainment/",NA,-10.54
"24","05/30/2023","Dining/",NA,-13
"25","05/30/2023","Dining/",NA,-9
"26","05/30/2023","Transportation/",NA,-6.78
"27","05/30/2023","Groceries/",NA,-13.27
"28","05/30/2023","Dining/",NA,-40
"29","05/30/2023","Transportation/",NA,-34.55
"30","05/26/2023","Health & Lifestyle/",NA,-10.9
"31","05/26/2023","Shopping/",NA,-1
"32","05/25/2023","Office Expenses/",NA,-27.41
"33","05/25/2023","Health & Lifestyle/",NA,-9.59
"34","05/25/2023","Transportation/",NA,-41.44
"35","05/24/2023","Savings & Investments/",NA,-200
"36","05/24/2023","Transportation/",NA,-38.98
"37","05/24/2023","Health & Lifestyle/",NA,-6
"38","05/24/2023","Paycheck, Pensions & Annuity/",798.27,NA
"39","05/23/2023","Health & Lifestyle/",NA,-9.22
"40","05/23/2023","Deposits/",114.82,NA
"41","05/22/2023","Groceries/",NA,-46.85
"42","05/22/2023","Groceries/",NA,-43.23
"43","05/22/2023","Shopping/",NA,-14.76
"44","05/22/2023","Payments & Transfers/",NA,-84
"45","05/22/2023","Payments & Transfers/",NA,-11
"46","05/19/2023","Savings & Investments/",NA,-100
"47","05/19/2023","Health & Lifestyle/",NA,-9.7
"48","05/19/2023","Shopping/",NA,-1
"49","05/19/2023","Paycheck, Pensions & Annuity/",401.47,NA
"50","05/18/2023","Health & Lifestyle/",NA,-1.5
"51","05/18/2023","Health & Lifestyle/",NA,-10.17
"52","05/18/2023","Transportation/",NA,-2
"53","05/17/2023","Health & Lifestyle/",NA,-9.96
"54","05/16/2023","Fees & Charges/",NA,-0.47
"55","05/16/2023","Fees & Charges/",NA,-0.25
"56","05/16/2023","Transportation/",NA,-3.37
"57","05/16/2023","Groceries/",NA,-10
"58","05/16/2023","Health & Lifestyle/",NA,-10.54
"59","05/16/2023","Shopping/",NA,-1
"60","05/16/2023","Entertainment/",NA,-8.43
"61","05/16/2023","Entertainment/",NA,-15.81
"62","05/15/2023","Shopping/",NA,-42.19
"63","05/15/2023","Household/",NA,-10.92
"64","05/15/2023","Transportation/",NA,-7.58
"65","05/15/2023","Dining/",NA,-8.18
"66","05/15/2023","Groceries/",NA,-66.39
"67","05/15/2023","Dining/",NA,-10.99
"68","05/12/2023","Shopping/",NA,-15.77
"69","05/12/2023","Groceries/",NA,-8.59
"70","05/11/2023","Transportation/",NA,-2.94
"71","05/11/2023","Health & Lifestyle/",NA,-4.5
"72","05/10/2023","Savings & Investments/",NA,-30
"73","05/10/2023","Shopping/",NA,-20.53
"74","05/10/2023","Health & Lifestyle/",NA,-1.5
"75","05/10/2023","Health & Lifestyle/",NA,-7.14
"76","05/10/2023","Paycheck, Pensions & Annuity/",509.46,NA
"77","05/09/2023","Health & Lifestyle/",NA,-1.5
"78","05/09/2023","Health & Lifestyle/",NA,-9.95
"79","05/09/2023","Transportation/",NA,-33.78
"80","05/08/2023","Payments & Transfers/",NA,-40.94
"81","05/08/2023","Groceries/",NA,-9.87
"82","05/08/2023","Transportation/",NA,-3.39
"83","05/08/2023","Dining/",NA,-35.38
"84","05/05/2023","Shopping/",NA,-15.81
"85","05/04/2023","Groceries/",NA,-7.41
"86","05/04/2023","Transportation/",NA,-34.97
"87","05/03/2023","Office Expenses/",NA,-15.8
"88","05/03/2023","Transportation/",NA,-200
"89","05/03/2023","Health & Lifestyle/",NA,-10.54
"90","05/03/2023","Shopping/",NA,-1
"91","05/02/2023","Transportation/",NA,-7.58
"92","05/02/2023","Health & Lifestyle/",NA,-11.54
"93","05/02/2023","Shopping/",NA,-1
"94","05/02/2023","Transportation/",NA,-3.39
"95","05/02/2023","Transportation/",NA,-40.72
"96","05/01/2023","Dining/",NA,-14.26
"97","05/01/2023","Groceries/",NA,-7
"98","05/01/2023","Groceries/",NA,-6.02
"99","05/01/2023","Dining/",NA,-14.94
"100","05/01/2023","Dining/",NA,-2.5
"101","04/28/2023","Entertainment/",NA,-10.54
"102","04/28/2023","Groceries/",NA,-70.34
"103","04/27/2023","Dining/",NA,-9.5
"104","04/27/2023","Groceries/",NA,-6.58
"105","04/27/2023","Transportation/",NA,-40.94
"106","04/26/2023","Shopping/",NA,-1
"107","04/26/2023","Internal Transfers/",100,NA
"108","04/26/2023","Paycheck, Pensions & Annuity/",501.09,NA
"109","04/25/2023","Transportation/",NA,-8.1
"110","04/25/2023","Health & Lifestyle/",NA,-10.48
"111","04/25/2023","Shopping/",NA,-1
"112","04/25/2023","Transportation/",NA,-35.87
"113","04/24/2023","Groceries/",NA,-15.2
"114","04/24/2023","Transportation/",NA,-8.14
"115","04/24/2023","Dining/",NA,-20.36
"116","04/24/2023","Transportation/",NA,-19.68
"117","04/24/2023","Dining/",NA,-12.05
"118","04/24/2023","Dining/",NA,-7.61
"119","04/24/2023","Dining/",NA,-13.77
"120","04/24/2023","Dining/",NA,-7.61
"121","04/24/2023","Dining/",NA,-6.44
"122","04/24/2023","Travel/",NA,-8.5
"123","04/21/2023","Transportation/",NA,-5.02
"124","04/21/2023","Dining/",NA,-11.16
"125","04/21/2023","Transportation/",NA,-8.18
"126","04/21/2023","Transportation/",NA,-34.01
"127","04/20/2023","Transportation/",NA,-48.5
"128","04/20/2023","Transportation/",NA,-5.68
"129","04/20/2023","Transportation/",NA,-46.44
"130","04/19/2023","Health & Lifestyle/",NA,-9.85
"131","04/19/2023","Shopping/",NA,-1
"132","04/18/2023","Transportation/",NA,-7.16
"133","04/18/2023","Health & Lifestyle/",NA,-4.87
"134","04/18/2023","Shopping/",NA,-1
"135","04/17/2023","Payments & Transfers/",NA,-41
"136","04/17/2023","Groceries/",NA,-7.69
"137","04/17/2023","Transportation/",NA,-33.62
"138","04/17/2023","Groceries/",NA,-34.79
"139","04/17/2023","Dining/",NA,-36
"140","04/17/2023","Payments & Transfers/",NA,-84
"141","04/17/2023","Dining/",NA,-9.5
"142","04/17/2023","Dining/",NA,-2.5
"143","04/14/2023","Groceries/",NA,-11.34
"144","04/13/2023","Groceries/",NA,-12.78
"145","04/13/2023","Dining/",NA,-9.5
"146","04/13/2023","Transportation/",NA,-36.3
"147","04/12/2023","Shopping/",NA,-15.77
"148","04/12/2023","Groceries/",NA,-26.27
"149","04/12/2023","Health & Lifestyle/",NA,-10.48
"150","04/12/2023","Paycheck, Pensions & Annuity/",409.66,NA
"151","04/11/2023","Transportation/",NA,-6.31
"152","04/11/2023","Health & Lifestyle/",NA,-8.62
"153","04/10/2023","Shopping/",NA,-50
"154","04/10/2023","Groceries/",NA,-20.83
"155","04/10/2023","Transportation/",NA,-42
"156","04/10/2023","Groceries/",NA,-5.8
"157","04/06/2023","Transportation/",NA,-39.71
"158","04/05/2023","Health & Lifestyle/",NA,-10.9
"159","04/05/2023","Shopping/",NA,-1
"160","04/04/2023","Payments & Transfers/",NA,-39
"161","04/04/2023","Transportation/",NA,-5.23
"162","04/04/2023","Transportation/",NA,-13.7
"163","04/04/2023","Health & Lifestyle/",NA,-6
"164","04/04/2023","Transportation/",NA,-5.13
"165","04/04/2023","Transportation/",NA,-38.86
"166","04/03/2023","Transportation/",NA,-20.01
"167","04/03/2023","Dining/",NA,-6.72
"168","04/03/2023","Dining/",NA,-14
"169","04/03/2023","Dining/",NA,-9
"170","04/03/2023","Dining/",NA,-2.5
"171","03/31/2023","Dining/",NA,-11.99
"172","03/31/2023","Groceries/",NA,-17.95
"173","03/30/2023","Groceries/",NA,-21.8
"174","03/30/2023","Dining/",NA,-13.99
"175","03/30/2023","Transportation/",NA,-46.59
"176","03/29/2023","Health & Lifestyle/",NA,-10.48
"177","03/29/2023","Paycheck, Pensions & Annuity/",320.12,NA
"178","03/28/2023","Entertainment/",NA,-10.54
"179","03/28/2023","Transportation/",NA,-5.99
"180","03/28/2023","Transportation/",NA,-114.23
"181","03/28/2023","Health & Lifestyle/",NA,-1.5
"182","03/28/2023","Health & Lifestyle/",NA,-9.85
"183","03/28/2023","Shopping/",NA,-1
"184","03/28/2023","Transportation/",NA,-9.28
"185","03/28/2023","Transportation/",NA,-36.08
"186","03/27/2023","Groceries/",NA,-3.49
"187","03/27/2023","Groceries/",NA,-12.05
"188","03/27/2023","Groceries/",NA,-31.55
"189","03/27/2023","Dining/",NA,-2.5
"190","03/24/2023","Office Expenses/",NA,-6.3
"191","03/24/2023","Groceries/",NA,-14.3
"192","03/23/2023","Groceries/",NA,-6.88
"193","03/23/2023","Transportation/",NA,-41.08
"194","03/22/2023","Health & Lifestyle/",NA,-6.75
"195","03/22/2023","Shopping/",NA,-1
"196","03/22/2023","Payments & Transfers/",NA,-84
"197","03/22/2023","Groceries/",NA,-17.91
"198","03/21/2023","Transportation/",NA,-3.37
"199","03/21/2023","Health & Lifestyle/",NA,-13.19
"200","03/21/2023","Transportation/",NA,-7.58
"201","03/21/2023","Transportation/",NA,-40.41
"202","03/20/2023","Shopping/",NA,-15.77
"203","03/20/2023","Groceries/",NA,-11.6
"204","03/20/2023","Groceries/",NA,-10.46
"205","03/20/2023","Dining/",NA,-2.5
"206","03/20/2023","Education/",NA,-250
"207","03/20/2023","Education/",NA,-7.13
"208","03/20/2023","Dining/",NA,-2.5
"209","03/17/2023","Dining/",NA,-2.5
"210","03/16/2023","Transportation/",NA,-16.95
"211","03/16/2023","Office Expenses/",NA,-25.29
"212","03/16/2023","Payments & Transfers/",NA,-35
"213","03/16/2023","Transportation/",NA,-33.68
"214","03/15/2023","Health & Lifestyle/",NA,-10.48
"215","03/15/2023","Paycheck, Pensions & Annuity/",536.61,NA
"216","03/14/2023","Transportation/",NA,-6.16
"217","03/14/2023","Transportation/",NA,-6.68
"218","03/14/2023","Transportation/",NA,-40.53
"219","03/14/2023","Deposits/",243,NA
"220","03/13/2023","Transportation/",NA,-3.99
"221","03/13/2023","Health & Lifestyle/",NA,-10.16
"222","03/10/2023","Entertainment/",NA,-15.81
"223","03/10/2023","Shopping/",NA,-10.54
"224","03/09/2023","Entertainment/",NA,-16
"225","03/08/2023","Health & Lifestyle/",NA,-3.29
"226","03/08/2023","Health & Lifestyle/",NA,-9.43
"227","03/08/2023","Transportation/",NA,-52.54
"228","03/07/2023","Transportation/",NA,-9.48
"229","03/07/2023","Transportation/",NA,-9.46
"230","03/06/2023","Savings & Investments/",NA,-50
"231","03/06/2023","Transportation/",NA,-7.79
"232","03/06/2023","Dining/",NA,-10.55
"233","03/06/2023","Dining/",NA,-16.24
"234","03/06/2023","Shopping/",NA,-9.75
"235","03/06/2023","Transportation/",NA,-6
"236","03/06/2023","Transportation/",NA,-35.07
"237","03/06/2023","Groceries/",NA,-6.48
"238","03/06/2023","Internal Transfers/",250,NA
"239","03/06/2023","Deposits/",255,NA
"240","03/03/2023","Dining/",NA,-2.5
"241","03/02/2023","Payments & Transfers/",NA,-70
"242","03/01/2023","Groceries/",NA,-3.68
"243","03/01/2023","Health & Lifestyle/",NA,-8.53
"244","03/01/2023","Paycheck, Pensions & Annuity/",480.2,NA
"245","02/28/2023","Entertainment/",NA,-10.54
"246","02/28/2023","Transportation/",NA,-3.15
"247","02/28/2023","Transportation/",NA,-39.06
"248","02/28/2023","",NA,-1.5
"249","02/28/2023","",NA,-7.12
"250","02/27/2023","",NA,-46.26
"251","02/27/2023","",NA,-12.98
"252","02/27/2023","",NA,-7
"253","02/27/2023","",NA,-2.5
"254","02/24/2023","Transportation/",NA,-2.95
"255","02/23/2023","Groceries/",NA,-11.85
"256","02/23/2023","Groceries/",NA,-6.88
"257","02/23/2023","Transportation/",NA,-40.52
"258","02/22/2023","Health & Lifestyle/",NA,-10.73
"259","02/21/2023","Transportation/",NA,-3.15
"260","02/21/2023","Transportation/",NA,-3.37
"261","02/21/2023","Health & Lifestyle/",NA,-1.5
"262","02/21/2023","Health & Lifestyle/",NA,-8.74
"263","02/21/2023","Groceries/",NA,-2.59
"264","02/21/2023","Transportation/",NA,-53.37
"265","02/21/2023","Groceries/",NA,-6.35
"266","02/21/2023","Groceries/",NA,-2.29
"267","02/21/2023","Payments & Transfers/",NA,-84
"268","02/21/2023","Groceries/",NA,-51.4
"269","02/21/2023","Dining/",NA,-4.5
"270","02/21/2023","Dining/",NA,-12
"271","02/21/2023","Dining/",NA,-6
"272","02/21/2023","Dining/",NA,-6
"273","02/21/2023","Groceries/",26.49,NA
"274","02/16/2023","Health & Lifestyle/",NA,-2.89
"275","02/15/2023","Groceries/",NA,-13.77
"276","02/15/2023","Health & Lifestyle/",NA,-9.84
"277","02/15/2023","Paycheck, Pensions & Annuity/",447.35,NA
"278","02/14/2023","Groceries/",NA,-3.59
"279","02/14/2023","Groceries/",NA,-30.71
"280","02/14/2023","Health & Lifestyle/",NA,-9.1
"281","02/13/2023","Shopping/",NA,-15.77
"282","02/13/2023","Transportation/",NA,-3.15
"283","02/13/2023","Groceries/",NA,-6.34
"284","02/13/2023","Dining/",NA,-19.2
"285","02/13/2023","Dining/",NA,-10.8
"286","02/09/2023","Shopping/",NA,-2.88
"287","02/08/2023","Dining/",NA,-30
"288","02/08/2023","Health & Lifestyle/",NA,-0.75
"289","02/08/2023","Health & Lifestyle/",NA,-8.25
"290","02/07/2023","Transportation/",NA,-3.09
"291","02/07/2023","Transportation/",NA,-10.85
"292","02/07/2023","Transportation/",NA,-5.26
"293","02/07/2023","Health & Lifestyle/",NA,-11.08
"294","02/07/2023","Transportation/",NA,-28.31
"295","02/07/2023","Transportation/",NA,-3.47
"296","02/06/2023","Transportation/",NA,-52.74
"297","02/03/2023","Dining/",NA,-41.5
"298","02/03/2023","Dining/",NA,-2.5
"299","02/03/2023","Groceries/",NA,-41.85
"300","02/02/2023","Other/",NA,-10.54
"301","02/02/2023","Transportation/",NA,-39.81
"302","02/02/2023","Transportation/",NA,-45.25
"303","02/01/2023","Payments & Transfers/",NA,-1.05
"304","02/01/2023","Health & Lifestyle/",NA,-10.57
"305","02/01/2023","Shopping/",NA,-1
"306","02/01/2023","Paycheck, Pensions & Annuity/",423.81,NA
"307","01/31/2023","Transportation/",NA,-7.89
"308","01/31/2023","Health & Lifestyle/",NA,-10.42
"309","01/31/2023","Transportation/",NA,-35.98
"310","01/30/2023","Other/",NA,-10.54
"311","01/30/2023","Other/",NA,-7.37
"312","01/30/2023","Transportation/",NA,-348.99
"313","01/27/2023","Savings & Investments/",130,NA
"314","01/26/2023","Shopping/",NA,-2.88
"315","01/25/2023","Transportation/",NA,-48.31
"316","01/25/2023","Health & Lifestyle/",NA,-11.08
"317","01/24/2023","Health & Lifestyle/",NA,-8.99
"318","01/24/2023","Transportation/",NA,-43.65
"319","01/23/2023","Payments & Transfers/",NA,-39
"320","01/23/2023","Other/",NA,-6.32
"321","01/23/2023","Transportation/",NA,-3.15
"322","01/23/2023","Payments & Transfers/",NA,-10.54
"323","01/23/2023","Payments & Transfers/",NA,-100
"324","01/23/2023","Groceries/",NA,-30.2
"325","01/20/2023","Internal Transfers/",NA,-30
"326","01/20/2023","Transportation/",NA,-80.32
"327","01/20/2023","Payments & Transfers/",NA,-84
"328","01/20/2023","Transportation/",NA,-1
"329","01/19/2023","Transportation/",NA,-46.35
"330","01/18/2023","Dining/",NA,-28.61
"331","01/18/2023","Health & Lifestyle/",NA,-3.75
"332","01/18/2023","Paycheck, Pensions & Annuity/",704.23,NA
"333","01/17/2023","Transportation/",NA,-3.15
"334","01/17/2023","Groceries/",NA,-32.68
"335","01/17/2023","Health & Lifestyle/",NA,-11.86
"336","01/17/2023","Health & Lifestyle/",NA,-7.24
"337","01/13/2023","Shopping/",NA,-105.49
"338","01/13/2023","Shopping/",NA,-27
"339","01/13/2023","Groceries/",NA,-2.83
"340","01/12/2023","Shopping/",NA,-15.77
"341","01/12/2023","Health & Lifestyle/",NA,-10.81
"342","01/11/2023","Health & Lifestyle/",NA,-9.16
"343","01/10/2023","Groceries/",NA,-15.97
"344","01/10/2023","Health & Lifestyle/",NA,-9.05
"345","01/09/2023","Transportation/",NA,-17.22
"346","01/09/2023","Transportation/",NA,-5.05
"347","01/09/2023","Shopping/",NA,-27.71
"348","01/09/2023","Transportation/",NA,-50.25
"349","01/06/2023","Payments & Transfers/",NA,-50
"350","01/06/2023","Health & Lifestyle/",NA,-16.34
"351","01/06/2023","Health & Lifestyle/",NA,-7.21
"352","01/05/2023","Savings & Investments/",NA,-30
"353","01/05/2023","Transportation/",NA,-6.31
"354","01/05/2023","Health & Lifestyle/",NA,-4.5
"355","01/04/2023","Fees & Charges/",NA,-0.25
"356","01/04/2023","Payments & Transfers/",NA,-8.43
"357","01/04/2023","Health & Lifestyle/",NA,-8.37
"358","01/04/2023","Shopping/",NA,-1
"359","01/04/2023","Paycheck, Pensions & Annuity/",686.91,NA
"360","01/03/2023","Office Expenses/",NA,-10.54
"361","01/03/2023","Office Expenses/",NA,-17.52
"362","01/03/2023","Entertainment/",NA,-17
"363","01/03/2023","Transportation/",NA,-2.83
"364","01/03/2023","Entertainment/",NA,-1.05
"365","12/30/2022","Health & Lifestyle/",NA,-1.5
"366","12/30/2022","Health & Lifestyle/",NA,-8.25
"367","12/29/2022","Transportation/",NA,-6.36
"368","12/29/2022","Shopping/",NA,-17.88
"369","12/29/2022","Health & Lifestyle/",NA,-8.25
"370","12/28/2022","Entertainment/",NA,-10.54
"371","12/28/2022","Shopping/",NA,-41.15
"372","12/28/2022","Groceries/",NA,-30.1
"373","12/27/2022","Fees & Charges/",NA,-0.63
"374","12/27/2022","Payments & Transfers/",NA,-21.09
"375","12/27/2022","Deposits/",50,NA
"376","12/22/2022","Payments & Transfers/",NA,-84
"377","12/22/2022","Transportation/",NA,-3.89
"378","12/22/2022","Transportation/",NA,-163.6
"379","12/22/2022","Health & Lifestyle/",NA,-8.25
"380","12/21/2022","Groceries/",NA,-14.74
"381","12/21/2022","Health & Lifestyle/",NA,-8.25
"382","12/21/2022","Shopping/",NA,-16.87
"383","12/21/2022","Paycheck, Pensions & Annuity/",213.22,NA
"384","12/20/2022","Health & Lifestyle/",NA,-8.25
"385","12/19/2022","Shopping/",NA,-48.33
"386","12/19/2022","Shopping/",NA,-62.21
"387","12/19/2022","Dining/",NA,-4.96
"388","12/19/2022","Dining/",NA,-5.55
"389","12/19/2022","Dining/",NA,-17.53
"390","12/19/2022","Transportation/",NA,-3.39
"391","12/19/2022","Transportation/",NA,-31.1
"392","12/16/2022","Office Expenses/",NA,-42.48
"393","12/16/2022","Shopping/",NA,-8.4
"394","12/16/2022","Transportation/",NA,-20.01
"395","12/16/2022","Shopping/",NA,-14.76
"396","12/14/2022","Household/",NA,-6.16
"397","12/14/2022","Groceries/",NA,-28.84
"398","12/12/2022","Shopping/",NA,-15.77
"399","12/12/2022","Dining/",NA,-2.5
"400","12/12/2022","Deposits/",50,NA
"401","12/09/2022","Dining/",NA,-34
"402","12/09/2022","Dining/",NA,-5.57
"403","12/09/2022","Groceries/",NA,-35.98
"404","12/09/2022","Dining/",NA,-5.57
"405","12/09/2022","Payments & Transfers/",43,NA
"406","12/08/2022","Dining/",NA,-2.5
"407","12/08/2022","Dining/",NA,-11.99
"408","12/08/2022","Transportation/",NA,-42.93
"409","12/07/2022","Savings & Investments/",NA,-30
"410","12/07/2022","Paycheck, Pensions & Annuity/",553.59,NA
"411","12/06/2022","Health & Lifestyle/",NA,-9.75
"412","12/06/2022","Transportation/",NA,-5.38
"413","12/06/2022","Transportation/",NA,-39.69
"414","12/05/2022","Office Expenses/",NA,-2
"415","12/05/2022","Office Expenses/",NA,-2
"416","12/05/2022","Dining/",NA,-4.5
"417","12/05/2022","Education/",NA,-75
"418","12/05/2022","Education/",NA,-3
"419","12/05/2022","Dining/",NA,-2.5
"420","12/05/2022","Groceries/",NA,-14.94
"421","12/02/2022","Office Expenses/",NA,-10.54
"422","12/02/2022","Dining/",NA,-12.72
"423","12/01/2022","Shopping/",NA,-12.71
"424","12/01/2022","Entertainment/",NA,-1.05
"425","12/01/2022","Groceries/",NA,-27.75
"426","12/01/2022","Transportation/",NA,-12
"427","11/30/2022","Health & Lifestyle/",NA,-7.5
"428","11/29/2022","Transportation/",NA,-16.87
"429","11/29/2022","Transportation/",NA,-10.11
"430","11/29/2022","Health & Lifestyle/",NA,-9.75
"431","11/28/2022","Entertainment/",NA,-10.54
"432","11/28/2022","Transportation/",NA,-61.96
"433","11/28/2022","Health & Lifestyle/",NA,-8.25
"434","11/25/2022","Payments & Transfers/",NA,-50
"435","11/25/2022","Transportation/",NA,-6.03
"436","11/25/2022","Health & Lifestyle/",NA,-1.5
"437","11/25/2022","Health & Lifestyle/",NA,-8.25
"438","11/23/2022","Savings & Investments/",NA,-30
"439","11/23/2022","Payments & Transfers/",NA,-84
"440","11/23/2022","Health & Lifestyle/",NA,-7.5
"441","11/23/2022","Transportation/",NA,-6.38
"442","11/23/2022","Transportation/",NA,-50.56
"443","11/23/2022","Paycheck, Pensions & Annuity/",543.01,NA
"444","11/21/2022","Transportation/",NA,-8.27
"445","11/21/2022","Groceries/",NA,-12.67
"446","11/21/2022","Dining/",NA,-2.5
"447","11/21/2022","Groceries/",NA,-10.59
"448","11/18/2022","Dining/",NA,-11.66
"449","11/17/2022","Groceries/",NA,-14.53
"450","11/16/2022","Groceries/",NA,-5.88
"451","11/16/2022","Health & Lifestyle/",NA,-8.25
"452","11/15/2022","Transportation/",NA,-2.94
"453","11/15/2022","Health & Lifestyle/",NA,-1.5
"454","11/15/2022","Health & Lifestyle/",NA,-8.25
"455","11/15/2022","Transportation/",NA,-7.48
"456","11/15/2022","Transportation/",NA,-55.07
"457","11/14/2022","Shopping/",NA,-15.77
"458","11/14/2022","Savings & Investments/",NA,-30
"459","11/14/2022","Dining/",NA,-6
"460","11/14/2022","Dining/",NA,-5
"461","11/14/2022","Dining/",NA,-5
"462","11/14/2022","Shopping/",NA,-22.26
"463","11/14/2022","Dining/",NA,-57.76
"464","11/14/2022","Groceries/",NA,-42.32
"465","11/10/2022","Dining/",NA,-2.5
"466","11/10/2022","Groceries/",NA,-13.59
"467","11/09/2022","Health & Lifestyle/",NA,-8.25
"468","11/09/2022","Paycheck, Pensions & Annuity/",456.34,NA
"469","11/08/2022","Transportation/",NA,-46.86
"470","11/08/2022","Health & Lifestyle/",NA,-0.75
"471","11/08/2022","Health & Lifestyle/",NA,-8.25
"472","11/07/2022","Transportation/",NA,-2.79
"473","11/07/2022","Transportation/",NA,-42.15
"474","11/07/2022","Dining/",NA,-6
"475","11/07/2022","Dining/",NA,-6
"476","11/07/2022","Groceries/",NA,-7.44
"477","11/07/2022","Groceries/",NA,-12.67
"478","11/07/2022","Groceries/",NA,-15.51
"479","11/07/2022","Dining/",NA,-6
"480","11/07/2022","Dining/",NA,-2.5
"481","11/07/2022","Groceries/",NA,-20.71
"482","11/04/2022","Dining/",NA,-2.6
"483","11/04/2022","Dining/",NA,-2.6
"484","11/04/2022","Dining/",NA,-12.72
"485","11/04/2022","Dining/",NA,-2.5
"486","11/03/2022","Payments & Transfers/",NA,-38
"487","11/03/2022","Dining/",NA,-5.57
"488","11/02/2022","Office Expenses/",NA,-10.54
"489","11/02/2022","Health & Lifestyle/",NA,-3.75
"490","11/01/2022","Entertainment/",NA,-1.05
"491","11/01/2022","Transportation/",NA,-13.14
"492","11/01/2022","Transportation/",NA,-40.19
"493","11/01/2022","Health & Lifestyle/",NA,-9.75
"494","10/31/2022","Transportation/",NA,-55.36
"495","10/31/2022","Dining/",NA,-8.4
"496","10/31/2022","Payments & Transfers/",NA,-50
"497","10/31/2022","Dining/",NA,-2.5
"498","10/28/2022","Entertainment/",NA,-10.54
"499","10/28/2022","Dining/",NA,-11
"500","10/28/2022","Dining/",NA,-10.83
"501","10/28/2022","Dining/",NA,-2.5
"502","10/26/2022","Health & Lifestyle/",NA,-8.25
"503","10/26/2022","Paycheck, Pensions & Annuity/",247.5,NA
"504","10/25/2022","Transportation/",NA,-6.91
"505","10/25/2022","Transportation/",NA,-47.73
"506","10/25/2022","Health & Lifestyle/",NA,-8.25
"507","10/24/2022","Groceries/",NA,-5.55
"508","10/24/2022","Transportation/",NA,-68.8
"509","10/24/2022","Dining/",NA,-8.36
"510","10/24/2022","Shopping/",NA,-29.68
"511","10/24/2022","Groceries/",NA,-29.25
"512","10/24/2022","Transportation/",NA,-1.5
"513","10/24/2022","Dining/",NA,-2.5
"514","10/24/2022","Entertainment/",NA,-29.75
"515","10/21/2022","Groceries/",NA,-70.8
"516","10/21/2022","Payments & Transfers/",NA,-85
"517","10/21/2022","Dining/",NA,-2.5
"518","10/20/2022","Groceries/",NA,-13.73
"519","10/20/2022","Dining/",NA,-5.25
"520","10/20/2022","Dining/",NA,-12.19
"521","10/19/2022","Health & Lifestyle/",NA,-8.25
"522","10/18/2022","Groceries/",NA,-23.49
"523","10/18/2022","Transportation/",NA,-57.42
"524","10/18/2022","Entertainment/",NA,-5.26
"525","10/18/2022","Health & Lifestyle/",NA,-8.25
"526","10/17/2022","Transportation/",NA,-66.99
"527","10/17/2022","Groceries/",NA,-10.56
"528","10/17/2022","Groceries/",NA,-11.12
"529","10/17/2022","Groceries/",NA,-20.13
"530","10/17/2022","Dining/",NA,-33.73
"531","10/14/2022","Dining/",NA,-2.5
"532","10/13/2022","Groceries/",NA,-12.78
"533","10/12/2022","Shopping/",NA,-15.77
"534","10/12/2022","Dining/",NA,-5.29
"535","10/12/2022","Transportation/",NA,-12
"536","10/12/2022","Paycheck, Pensions & Annuity/",557.32,NA
"537","10/11/2022","Entertainment/",NA,-5
"538","10/11/2022","Transportation/",NA,-47.09
"539","10/11/2022","Transportation/",NA,-7.68
"540","10/11/2022","Transportation/",NA,-48.54
"541","10/11/2022","Dining/",NA,-2.5
"542","10/11/2022","Transportation/",NA,-2
"543","10/07/2022","Fees & Charges/",NA,-0.25
"544","10/07/2022","Payments & Transfers/",NA,-8.43
"545","10/07/2022","Entertainment/",NA,-4.21
"546","10/07/2022","Groceries/",NA,-48.31
"547","10/06/2022","Payments & Transfers/",NA,-50
"548","10/06/2022","Groceries/",NA,-17.81
"549","10/06/2022","Groceries/",NA,-20.72
"550","10/06/2022","Transportation/",NA,-9.99
"551","10/04/2022","Fees & Charges/",NA,-0.16
"552","10/04/2022","Payments & Transfers/",NA,-5.28
"553","10/04/2022","Transportation/",NA,-68.95
"554","10/04/2022","Health & Lifestyle/",NA,-8.25
"555","10/03/2022","Office Expenses/",NA,-10.54
"556","10/03/2022","Shopping/",NA,-18.98
"557","10/03/2022","Entertainment/",NA,-1.05
"558","10/03/2022","Transportation/",NA,-44.7
"559","10/03/2022","Dining/",NA,-5
"560","09/29/2022","",NA,-3
"561","09/29/2022","",NA,-63
"562","09/28/2022","",NA,-10.54
"563","09/28/2022","",491.99,NA
"564","09/27/2022","",NA,-7.68
"565","09/27/2022","",NA,-44.63
"566","09/27/2022","",NA,-42.08
"567","09/26/2022","",NA,-4.1
"568","09/26/2022","",NA,-3.04
"569","09/26/2022","",NA,-11.12
"570","09/26/2022","",NA,-47.67
"571","09/26/2022","",NA,-2.5
"572","09/23/2022","",NA,-2.5
"573","09/22/2022","",NA,-5.78
"574","09/20/2022","",NA,-104
"575","09/20/2022","",NA,-9.43
"576","09/20/2022","",NA,-30.98
"577","09/19/2022","",NA,-35.94
"578","09/19/2022","",NA,-13.73
"579","09/16/2022","",NA,-16.03
"580","09/16/2022","",NA,-90.16
"581","09/15/2022","",NA,-5.08
"582","09/15/2022","",NA,-18.81
"583","09/15/2022","",NA,-40.61
"584","09/14/2022","",NA,-26.38
"585","09/14/2022","",NA,-8.25
"586","09/14/2022","",226.26,NA
"587","09/13/2022","",NA,-7.5
"588","09/12/2022","",NA,-0.42
"589","09/12/2022","",NA,-15.77
"590","09/12/2022","",NA,-38.76
"591","09/12/2022","",NA,-13.99
"592","09/12/2022","",NA,-6
"593","09/12/2022","",NA,-11
"594","09/09/2022","",NA,-26.17
"595","09/08/2022","",NA,-26.44
"596","09/08/2022","",NA,-52.84
"597","09/07/2022","",NA,-639.6
"598","09/07/2022","",NA,-5.62
"599","09/06/2022","",NA,-50
"600","09/06/2022","",NA,-7.04
"601","09/06/2022","",NA,-5.25
"602","09/06/2022","",NA,-5.29
"603","09/06/2022","",NA,-2.39
"604","09/02/2022","",NA,-10.54
"605","09/01/2022","",NA,-1.05
"606","09/01/2022","",NA,-13.85
"607","08/31/2022","",NA,-33.85
"608","08/31/2022","",NA,-29.68
"609","08/31/2022","",926.14,NA
"610","08/30/2022","",NA,-12.78
"611","08/30/2022","",NA,-20.31
"612","08/29/2022","",NA,-10.54
"613","08/29/2022","",NA,-7.58
"614","08/29/2022","",NA,-44.29
"615","08/29/2022","",NA,-5.26
"616","08/29/2022","",NA,-15.36
"617","08/26/2022","",NA,-31.64
"618","08/26/2022","",NA,-127.3
"619","08/26/2022","",NA,-8.25
"620","08/25/2022","",NA,-4.5
"621","08/25/2022","",1000,NA
"622","08/24/2022","",NA,-3.04
"623","08/24/2022","",NA,-5.25
"624","08/23/2022","",NA,-21.78
"625","08/23/2022","",NA,-1.85
"626","08/23/2022","",NA,-36.3
"627","08/23/2022","",NA,-8.25
"628","08/23/2022","",NA,-24.24
"629","08/22/2022","",NA,-0.58
"630","08/22/2022","",NA,-19.27
"631","08/22/2022","",NA,-100
"632","08/22/2022","",NA,-29.52
"633","08/22/2022","",NA,-140
"634","08/22/2022","",NA,-5.25
"635","08/19/2022","",NA,-5.25
"636","08/18/2022","",NA,-121
"637","08/18/2022","",NA,-6
"638","08/17/2022","",NA,-27.28
"639","08/17/2022","",NA,-6
"640","08/17/2022","",NA,-5.25
"641","08/17/2022","",498.1,NA
"642","08/16/2022","",NA,-8.25
"643","08/16/2022","",NA,-27.75
"644","08/15/2022","",NA,-26.48
"645","08/12/2022","",NA,-52.15
"646","08/12/2022","",NA,-15.77
"647","08/11/2022","",NA,-26.11
"648","08/11/2022","",NA,-6
"649","08/10/2022","",NA,-7.5
"650","08/09/2022","",NA,-8.25
"651","08/08/2022","",NA,-5.78
"652","08/08/2022","",NA,-68.7
"653","08/08/2022","",NA,-5.57
"654","08/08/2022","",NA,-8.25
"655","08/03/2022","",337.74,NA
"656","08/02/2022","",NA,-10.54
"657","08/02/2022","",NA,-2.67
"658","08/02/2022","",NA,-2.97
"659","08/02/2022","",NA,-11
"660","08/02/2022","",NA,-6.36
"661","08/01/2022","",NA,-1.05
"662","08/01/2022","",NA,-3.19
"663","08/01/2022","",NA,-4.75
"664","08/01/2022","",NA,-3.75
"665","07/29/2022","",NA,-4.9
"666","07/29/2022","",NA,-15
"667","07/28/2022","",NA,-10.54
"668","07/28/2022","",NA,-15.59
"669","07/28/2022","",NA,-30.74
"670","07/28/2022","",NA,-40.95
"671","07/27/2022","",NA,-2.95
"672","07/27/2022","",NA,-5.26
"673","07/27/2022","",NA,-3.3
"674","07/27/2022","",NA,-17.43
"675","07/27/2022","",NA,-7.7
"676","07/27/2022","",NA,-6.29
"677","07/27/2022","",NA,-4.92
"678","07/26/2022","",NA,-7.71
"679","07/26/2022","",NA,-18.85
"680","07/26/2022","",NA,-11.05
"681","07/26/2022","",NA,-14.03
"682","07/25/2022","",NA,-7.5
"683","07/25/2022","",NA,-26.84
"684","07/22/2022","",NA,-4.12
"685","07/22/2022","",100,NA
"686","07/21/2022","",NA,-50
"687","07/21/2022","",NA,-2.09
"688","07/21/2022","",NA,-4.5
"689","07/20/2022","",NA,-30
"690","07/20/2022","",NA,-44.58
"691","07/20/2022","",NA,-5.62
"692","07/20/2022","",425.7,NA
"693","07/19/2022","",NA,-289.51
"694","07/19/2022","",NA,-3.76
"695","07/18/2022","",NA,-23.67
"696","07/18/2022","",NA,-2.64
"697","07/18/2022","",NA,-8.25
"698","07/13/2022","",NA,-8.25
"699","07/13/2022","",NA,-8.69
"700","07/13/2022","",NA,-100.21
"701","07/13/2022","",NA,-65.33
"702","07/12/2022","",NA,-14.57
"703","07/12/2022","",NA,-3
"704","07/12/2022","",NA,-22
"705","07/12/2022","",NA,-8.61
"706","07/12/2022","",NA,-7
"707","07/12/2022","",NA,-15.77
"708","07/12/2022","",NA,-51.76
"709","07/12/2022","",75,NA
"710","07/11/2022","",NA,-0.6
"711","07/11/2022","",NA,-0.25
"712","07/11/2022","",NA,-8.43
"713","07/11/2022","",NA,-17
"714","07/11/2022","",NA,-2.31
"715","07/11/2022","",NA,-19.99
"716","07/11/2022","",NA,-125
"717","07/11/2022","",NA,-3.56
"718","07/08/2022","",NA,-18.8
"719","07/08/2022","",NA,-9.75
"720","07/07/2022","",NA,-42.17
"721","07/07/2022","",NA,-94.75
"722","07/07/2022","",NA,-1.5
"723","07/07/2022","",NA,-7.12
"724","07/06/2022","",NA,-50
"725","07/06/2022","",NA,-37
"726","07/06/2022","",729.85,NA
"727","07/05/2022","",NA,-75
"728","07/05/2022","",NA,-10.54
"729","07/05/2022","",NA,-26.89
"730","07/05/2022","",NA,-6.99
"731","07/05/2022","",NA,-6.99
"732","07/05/2022","",NA,-25.42
"733","07/05/2022","",NA,-11.88
"734","07/05/2022","",NA,-7.85
"735","07/01/2022","",NA,-1.05
"736","07/01/2022","",NA,-3.75
"737","07/01/2022","",NA,-286.88
"738","07/01/2022","",NA,-8.18
"739","06/29/2022","",NA,-10.54
"740","06/29/2022","",NA,-3.05
"741","06/29/2022","",NA,-5.25
"742","06/28/2022","",NA,-5.46
"743","06/28/2022","",NA,-9
"744","06/27/2022","",NA,-6.32
"745","06/27/2022","",NA,-5.26
"746","06/27/2022","",NA,-36.33
"747","06/27/2022","",NA,-46.49
"748","06/27/2022","",NA,-9.75
"749","06/27/2022","",NA,-85.53
"750","06/24/2022","",NA,-4.52
"751","06/24/2022","",NA,-7.5
"752","06/23/2022","",NA,-9.75
"753","06/22/2022","",NA,-50
"754","06/22/2022","",NA,-6.14
"755","06/22/2022","",NA,-9.75
"756","06/22/2022","",625.18,NA
"757","06/21/2022","",NA,-15.81
"758","06/21/2022","",NA,-14.76
"759","06/21/2022","",120,NA
"760","06/17/2022","",NA,-11.99
"761","06/17/2022","",NA,-8.25
"762","06/16/2022","",NA,-1.5
"763","06/16/2022","",NA,-7.5
"764","06/16/2022","",NA,-65.48
"765","06/16/2022","",NA,-40.13
"766","06/15/2022","",NA,-31
"767","06/15/2022","",NA,-37.91
"768","06/14/2022","",NA,-2.42
"769","06/14/2022","",NA,-9
"770","06/13/2022","",NA,-50
"771","06/13/2022","",NA,-21.42
"772","06/13/2022","",NA,-12.12
"773","06/13/2022","",NA,-15.77
"774","06/13/2022","",NA,-10.54
"775","06/13/2022","",NA,-10
"776","06/10/2022","",NA,-8.25
"777","06/09/2022","",NA,-13.15
"778","06/09/2022","",NA,-8.25
"779","06/08/2022","",NA,-5.02
"780","06/08/2022","",785.31,NA
"781","06/07/2022","",NA,-8.25
"782","06/06/2022","",NA,-1.08
"783","06/06/2022","",NA,-36.1
"784","06/06/2022","",NA,-5.62
"785","06/03/2022","",NA,-38
"786","06/03/2022","",NA,-7
"787","06/03/2022","",NA,-8.25
"788","06/03/2022","",50,NA
"789","06/02/2022","",NA,-10.54
"790","06/02/2022","",NA,-1.5
"791","06/02/2022","",NA,-8.25
"792","06/01/2022","",NA,-1.05
"793","06/01/2022","",NA,-7.87
"794","05/31/2022","",NA,-10.54
"795","05/31/2022","",NA,-61.8
"796","05/31/2022","",NA,-52.42
"797","05/31/2022","",NA,-11.45
"798","05/31/2022","",NA,-7.82
"799","05/31/2022","",NA,-39.45
"800","05/31/2022","",NA,-16.53
"801","05/31/2022","",NA,-16.6
"802","05/31/2022","",NA,-30
"803","05/31/2022","",NA,-12.74
"804","05/31/2022","",NA,-13.57
"805","05/31/2022","",NA,-15.37
"806","05/31/2022","",57,NA
"807","05/27/2022","",NA,-5.26
"808","05/27/2022","",NA,-67.62
"809","05/26/2022","",NA,-3.58
"810","05/26/2022","",NA,-21.09
"811","05/25/2022","",NA,-99
"812","05/25/2022","",NA,-24.13
"813","05/25/2022","",NA,-8.25
"814","05/25/2022","",342.38,NA
"815","05/24/2022","",NA,-11.58
"816","05/24/2022","",NA,-8.25
"817","05/23/2022","",NA,-35.19
"818","05/23/2022","",NA,-14
"819","05/23/2022","",NA,-15.15
"820","05/23/2022","",NA,-7.6
"821","05/23/2022","",NA,-32.69
"822","05/23/2022","",200,NA
"823","05/20/2022","",NA,-38.45
"824","05/20/2022","",NA,-3.05
"825","05/20/2022","",NA,-35.84
"826","05/19/2022","",NA,-8.25
"827","05/18/2022","",NA,-8.25
"828","05/18/2022","",NA,-50.05
"829","05/17/2022","",NA,-9.75
"830","05/16/2022","",NA,-8.95
"831","05/16/2022","",NA,-0.17
"832","05/16/2022","",NA,-8.5
"833","05/16/2022","",90,NA
"834","05/13/2022","",NA,-5.36
"835","05/12/2022","",NA,-3.2
"836","05/12/2022","",NA,-38.21
"837","05/12/2022","",NA,-45
"838","05/12/2022","",NA,-15.77
"839","05/11/2022","",NA,-8.5
"840","05/11/2022","",77.02,NA
"841","05/10/2022","",NA,-6.7
"842","05/06/2022","",NA,-0.79
"843","05/06/2022","",NA,-26.36
"844","05/05/2022","",NA,-0.28
"845","05/05/2022","",NA,-75
"846","05/05/2022","",NA,-9.48
"847","05/02/2022","",NA,-1.05
"848","05/02/2022","",NA,-10.54
"849","05/02/2022","",NA,-52.63
"850","05/02/2022","",NA,-37.1
"851","05/02/2022","",NA,-6
"852","05/02/2022","",NA,-8.4
"853","05/02/2022","",NA,-7
"854","05/02/2022","",NA,-11.49
"855","05/02/2022","",NA,-6
"856","05/02/2022","",NA,-7
"857","05/02/2022","",NA,-6.17
"858","04/29/2022","",NA,-10.54
"859","04/29/2022","",NA,-13
"860","04/28/2022","",NA,-20.89
"861","04/28/2022","",NA,-2.5
"862","04/27/2022","",NA,-5.26
"863","04/27/2022","",434.95,NA
"864","04/26/2022","",NA,-53.83
"865","04/25/2022","",NA,-0.36
"866","04/25/2022","",NA,-11.86
"867","04/25/2022","",NA,-29.16
"868","04/25/2022","",NA,-3.04
"869","04/25/2022","",NA,-33.74
"870","04/25/2022","",NA,-38.98
"871","04/25/2022","",NA,-10.12
"872","04/25/2022","",NA,-11
"873","04/22/2022","",NA,-47.81
"874","04/22/2022","",NA,-1.5
"875","04/22/2022","",150,NA
"876","04/21/2022","",NA,-0.75
"877","04/20/2022","",NA,-8.81
"878","04/20/2022","",NA,-43.03
"879","04/20/2022","",NA,-2.5
"880","04/18/2022","",NA,-5.38
"881","04/18/2022","",NA,-18
"882","04/18/2022","",NA,-9.19
"883","04/18/2022","",NA,-2.5
"884","04/18/2022","",NA,-2.5
"885","04/15/2022","",NA,-4.65
"886","04/14/2022","",NA,-10.5
"887","04/14/2022","",NA,-6.78
"888","04/14/2022","",NA,-43.88
"889","04/14/2022","",NA,-2.5
"890","04/13/2022","",NA,-5.47
"891","04/13/2022","",NA,-37.2
"892","04/13/2022","",NA,-2.5
"893","04/13/2022","",397.92,NA
"894","04/12/2022","",NA,-15.77
"895","04/11/2022","",NA,-5.58
"896","04/11/2022","",NA,-5
"897","04/11/2022","",NA,-7
"898","04/11/2022","",NA,-17.84
"899","04/11/2022","",24,NA
"900","04/08/2022","",NA,-47.81
"901","04/08/2022","",NA,-4.5
"902","04/07/2022","",NA,-47.26
"903","04/07/2022","",NA,-2.94
"904","04/07/2022","",NA,-43.37
"905","04/07/2022","",NA,-5.25
"906","04/06/2022","",NA,-21.1
"907","04/06/2022","",NA,-9.34
"908","04/06/2022","",NA,-58.04
"909","04/06/2022","",NA,-24.75
"910","04/05/2022","",NA,-16.95
"911","04/04/2022","",NA,-10.54
"912","04/04/2022","",NA,-1.29
"913","04/04/2022","",NA,-3.68
"914","04/04/2022","",NA,-32.39
"915","04/04/2022","",NA,-1.05
"916","04/04/2022","",NA,-29.54
"917","04/04/2022","",NA,-7.5
"918","04/01/2022","",NA,-4.87
"919","03/31/2022","",NA,-22.13
"920","03/31/2022","",NA,-3.82
"921","03/31/2022","",NA,-47.94
"922","03/31/2022","",NA,-5.25
"923","03/30/2022","",NA,-8.81
"924","03/30/2022","",NA,-59.7
"925","03/30/2022","",NA,-2.49
"926","03/30/2022","",461.17,NA
"927","03/29/2022","",NA,-10.54
"928","03/28/2022","",NA,-5.3
"929","03/28/2022","",NA,-15.41
"930","03/28/2022","",NA,-32.91
"931","03/28/2022","",NA,-9.75
"932","03/28/2022","",NA,-26.4
"933","03/28/2022","",NA,-10
"934","03/28/2022","",NA,-10.5
"935","03/28/2022","",NA,-11.93
"936","03/28/2022","",NA,-21.62
"937","03/28/2022","",NA,-24.12
"938","03/28/2022","",NA,-44.4
"939","03/28/2022","",NA,-42.17
"940","03/28/2022","",NA,-58.07
"941","03/28/2022","",46,NA
"942","03/25/2022","",NA,-47.81
"943","03/25/2022","",NA,-7.5
"944","03/24/2022","",NA,-5.23
"945","03/24/2022","",NA,-4.5
"946","03/24/2022","",400,NA
"947","03/23/2022","",NA,-13.7
"948","03/23/2022","",NA,-25.87
"949","03/23/2022","",NA,-426.35
"950","03/23/2022","",NA,-9.31
"951","03/23/2022","",NA,-41.44
"952","03/22/2022","",NA,-13.88
"953","03/22/2022","",NA,-6.43
"954","03/22/2022","",NA,-5.98
"955","03/21/2022","",NA,-3.15
"956","03/21/2022","",NA,-1.04
"957","03/21/2022","",NA,-11
"958","03/21/2022","",NA,-5.78
"959","03/21/2022","",NA,-14.72
"960","03/21/2022","",NA,-7
"961","03/21/2022","",NA,-45.61
"962","03/18/2022","",NA,-36
"963","03/18/2022","",NA,-10
"964","03/18/2022","",NA,-9.75
"965","03/18/2022","",NA,-11
"966","03/17/2022","",NA,-20
"967","03/17/2022","",NA,-5.57
"968","03/17/2022","",NA,-5.25
"969","03/16/2022","",NA,-2.94
"970","03/16/2022","",NA,-8.91
"971","03/16/2022","",NA,-50.37
"972","03/16/2022","",NA,-10
"973","03/16/2022","",NA,-2.6
"974","03/16/2022","",592.51,NA
"975","03/15/2022","",NA,-7.58
"976","03/14/2022","",NA,-34.74
"977","03/14/2022","",NA,-1.66
"978","03/14/2022","",NA,-30.02
"979","03/14/2022","",NA,-17
"980","03/14/2022","",NA,-26.9
"981","03/14/2022","",NA,-15.77
"982","03/14/2022","",NA,-51.22
"983","03/11/2022","",NA,-5.62
"984","03/10/2022","",NA,-47.82
"985","03/10/2022","",NA,-5.57
"986","03/10/2022","",NA,-5.25
"987","03/09/2022","",NA,-9.67
"988","03/09/2022","",NA,-10.6
"989","03/09/2022","",NA,-46.91
"990","03/08/2022","",NA,-12
"991","03/07/2022","",NA,-1.99
"992","03/07/2022","",NA,-6.31
"993","03/07/2022","",NA,-38.22
"994","03/07/2022","",NA,-3.5
"995","03/07/2022","",NA,-6.1
"996","03/04/2022","",NA,-26.32
"997","03/04/2022","",NA,-14.75
"998","03/04/2022","",NA,-40.03
"999","03/04/2022","",NA,-5.25
"1000","03/04/2022","",30,NA
"1001","03/04/2022","",250,NA
"1002","03/03/2022","",NA,-50
"1003","03/03/2022","",NA,-64.25
"1004","03/03/2022","",NA,-13.48
"1005","03/03/2022","",NA,-1.5
"1006","03/03/2022","",125,NA
"1007","03/02/2022","",NA,-1.05
"1008","03/02/2022","",NA,-10.54
"1009","03/02/2022","",NA,-3.37
"1010","03/02/2022","",268.34,NA
"1011","03/01/2022","",NA,-10.54
"1012","03/01/2022","",NA,-6.48
"1013","03/01/2022","",NA,-48.62
"1014","02/28/2022","",NA,-1.27
"1015","02/28/2022","",NA,-42.19
"1016","02/28/2022","",NA,-21.08
"1017","02/28/2022","",NA,-12
"1018","02/28/2022","",NA,-4.99
"1019","02/25/2022","",NA,-4.21
"1020","02/24/2022","",NA,-17
"1021","02/24/2022","",NA,-21.46
"1022","02/23/2022","",NA,-30.78
"1023","02/22/2022","",NA,-2.63
"1024","02/22/2022","",NA,-41.9
"1025","02/18/2022","",NA,-6.68
"1026","02/18/2022","",NA,-43.41
"1027","02/18/2022","",NA,-50.5
"1028","02/18/2022","",NA,-7.12
"1029","02/17/2022","",NA,-5.93
"1030","02/17/2022","",NA,-5.25
"1031","02/17/2022","",NA,-5.78
"1032","02/17/2022","",NA,-55.21
"1033","02/16/2022","",457.06,NA
"1034","02/15/2022","",NA,-45.14
"1035","02/15/2022","",NA,-3
"1036","02/14/2022","",NA,-27.37
"1037","02/14/2022","",NA,-3.58
"1038","02/14/2022","",NA,-10
"1039","02/14/2022","",NA,-4.99
"1040","02/14/2022","",NA,-41.33
"1041","02/14/2022","",NA,-15.77
"1042","02/14/2022","",NA,-48.2
"1043","02/14/2022","",NA,-10.98
"1044","02/14/2022","",NA,-41.53
"1045","02/11/2022","",NA,-40
"1046","02/11/2022","",NA,-5.62
"1047","02/11/2022","",NA,-11
"1048","02/11/2022","",300,NA
"1049","02/10/2022","",NA,-2.94
"1050","02/10/2022","",NA,-3.75
"1051","02/10/2022","",NA,-1
"1052","02/10/2022","",NA,-38.05
"1053","02/09/2022","",NA,-4.21
"1054","02/09/2022","",NA,-23.41
"1055","02/07/2022","",NA,-16.8
"1056","02/07/2022","",NA,-20.72
"1057","02/07/2022","",NA,-45.87
"1058","02/04/2022","",NA,-7.12
"1059","02/03/2022","",NA,-18.9
"1060","02/03/2022","",NA,-5.25
"1061","02/03/2022","",NA,-6.48
"1062","02/03/2022","",NA,-34.44
"1063","02/02/2022","",NA,-10.54
"1064","02/02/2022","",452.95,NA
"1065","02/01/2022","",NA,-1.05
"1066","02/01/2022","",40,NA
"1067","01/31/2022","",NA,-9.47
"1068","01/31/2022","",NA,-12.6
"1069","01/28/2022","",NA,-5.62
"1070","01/27/2022","",NA,-5.73
"1071","01/27/2022","",NA,-5.25
"1072","01/27/2022","",NA,-6.48
"1073","01/27/2022","",NA,-33.53
"1074","01/27/2022","",70,NA
"1075","01/25/2022","",NA,-7.52
"1076","01/24/2022","",NA,-5.26
"1077","01/24/2022","",NA,-90.76
"1078","01/24/2022","",NA,-43.37
"1079","01/21/2022","",NA,-60
"1080","01/20/2022","",NA,-30
"1081","01/20/2022","",NA,-9
"1082","01/20/2022","",NA,-7.58
"1083","01/20/2022","",NA,-49.73
"1084","01/19/2022","",NA,-49.54
"1085","01/19/2022","",235.9,NA
"1086","01/18/2022","",NA,-6.32
"1087","01/18/2022","",NA,-6.23
"1088","01/18/2022","",NA,-18.98
"1089","01/18/2022","",NA,-8.91
"1090","01/18/2022","",NA,-34.76
"1091","01/18/2022","",72,NA
"1092","01/14/2022","",NA,-9.48
"1093","01/13/2022","",NA,-6.32
"1094","01/12/2022","",NA,-15.77
"1095","01/11/2022","",NA,-61.44
"1096","01/10/2022","",NA,-11.58
"1097","01/10/2022","",NA,-22.48
"1098","01/10/2022","",NA,-21.42
"1099","01/10/2022","",NA,-37.45
"1100","01/10/2022","",NA,-7.12
"1101","01/07/2022","",NA,-329.97
"1102","01/07/2022","",NA,-9.4
"1103","01/05/2022","",NA,-1.05
"1104","01/05/2022","",NA,-7.12
"1105","01/05/2022","",NA,-44.34
"1106","01/05/2022","",200,NA
"1107","01/05/2022","",421.17,NA
"1108","01/03/2022","",NA,-210.99
"1109","01/03/2022","",NA,-10.54
"1110","01/03/2022","",NA,-15.38
"1111","01/03/2022","",NA,-11.16
"1112","01/03/2022","",NA,-43.11
"1113","01/03/2022","",49.25,NA
"1114","01/03/2022","",50,NA
"1115","12/31/2021","",NA,-0.53
"1116","12/31/2021","",NA,-5.93
"1117","12/31/2021","",NA,-5.62
"1118","12/31/2021","",NA,-17.57
"1119","12/31/2021","",NA,-5.32
"1120","12/30/2021","",NA,-0.43
"1121","12/30/2021","",NA,-34.6
"1122","12/30/2021","",NA,-14.49
"1123","12/29/2021","",NA,-32.94
"1124","12/29/2021","",NA,-38.98
"1125","12/29/2021","",NA,-25.04
"1126","12/29/2021","",NA,-5.25
"1127","12/28/2021","",NA,-10
"1128","12/27/2021","",NA,-11
"1129","12/24/2021","",NA,-13.44
"1130","12/23/2021","",NA,-150
"1131","12/23/2021","",NA,-28.46
"1132","12/23/2021","",NA,-30.82
"1133","12/23/2021","",NA,-7.12
"1134","12/23/2021","",NA,-30.6
"1135","12/22/2021","",NA,-50
"1136","12/22/2021","",NA,-19.53
"1137","12/22/2021","",NA,-37.91
"1138","12/22/2021","",NA,-21.91
"1139","12/22/2021","",NA,-7.12
"1140","12/22/2021","",314.3,NA
"1141","12/22/2021","",453.41,NA
"1142","12/21/2021","",NA,-40.07
"1143","12/21/2021","",NA,-67.5
"1144","12/21/2021","",NA,-33.2
"1145","12/21/2021","",200,NA
"1146","12/20/2021","",NA,-6.32
"1147","12/20/2021","",NA,-3
"1148","12/20/2021","",NA,-22.5
"1149","12/20/2021","",NA,-9.58
"1150","12/20/2021","",NA,-7.09
"1151","12/20/2021","",NA,-43.84
"1152","12/17/2021","",NA,-27.41
"1153","12/17/2021","",NA,-1.5
"1154","12/17/2021","",NA,-25.04
"1155","12/16/2021","",NA,-17.18
"1156","12/16/2021","",NA,-54.99
"1157","12/16/2021","",NA,-13.8
"1158","12/16/2021","",NA,-1
"1159","12/15/2021","",NA,-4.73
"1160","12/15/2021","",NA,-5.25
"1161","12/14/2021","",NA,-44.79
"1162","12/13/2021","",NA,-35
"1163","12/13/2021","",NA,-15.77
"1164","12/10/2021","",NA,-1.87
"1165","12/09/2021","",NA,-2.94
"1166","12/09/2021","",NA,-34.11
"1167","12/08/2021","",NA,-11.58
"1168","12/08/2021","",NA,-13.48
"1169","12/08/2021","",NA,-23.54
"1170","12/08/2021","",344.18,NA
"1171","12/06/2021","",NA,-36.8
